has_mfa,mfa_coverage,patch_days,training_percent,has_irp,vulnerabilities,employees,industry_code,breach_occurred
1,86,90,56,1,36,98,4,0
0,0,30,44,1,45,224,3,1
0,0,60,28,1,23,453,3,1
1,63,7,17,1,15,287,3,1
1,58,60,35,0,12,456,0,1
1,47,30,80,0,24,483,3,0
1,70,180,39,0,3,490,3,1
0,0,90,16,1,10,212,1,1
0,0,30,76,0,31,83,2,1
0,0,14,74,0,48,34,3,1
1,76,90,45,0,6,110,4,1
0,0,60,34,1,45,185,3,1
0,0,14,46,0,10,436,0,1
1,45,30,10,1,27,126,0,0
1,47,60,24,1,40,175,0,0
1,64,14,46,0,22,50,3,1
1,57,90,22,0,44,438,1,1
1,64,30,17,1,22,353,4,0
1,51,7,14,0,49,433,3,1
1,54,90,69,0,27,375,1,1
0,0,30,82,1,42,129,1,1
1,65,30,10,0,46,106,3,1
1,80,14,45,1,25,154,3,0
1,84,7,44,0,24,225,1,0
1,65,60,75,0,28,238,1,0
0,0,30,72,1,18,322,1,1
1,71,60,32,0,32,139,3,1
1,49,60,18,0,35,361,1,1
1,55,60,43,0,13,386,0,1
1,46,14,55,0,13,327,3,0
0,0,30,87,0,34,481,0,1
1,62,90,13,0,29,146,2,1
1,65,60,39,0,27,333,3,1
0,0,60,84,0,16,346,2,1
0,0,30,81,1,2,282,1,1
0,0,30,12,0,15,126,1,1
1,46,60,23,1,45,315,4,0
1,53,90,69,0,29,377,1,1
0,0,60,86,0,28,103,2,1
1,92,90,54,0,44,177,1,1
1,46,60,43,0,14,451,3,1
1,48,14,54,0,45,212,1,0
1,90,30,70,1,24,350,4,0
0,0,14,92,0,37,158,1,1
1,47,14,25,1,41,411,2,1
0,0,90,75,1,46,192,2,1
1,98,30,49,1,37,422,1,0
1,62,30,26,0,22,161,2,1
1,68,14,43,0,24,83,2,1
1,57,30,25,0,41,374,4,1
0,0,14,69,1,6,410,3,1
0,0,14,75,1,21,283,4,1
0,0,60,75,1,16,51,0,1
0,0,30,99,1,17,221,4,1
1,74,60,22,0,48,110,1,1
0,0,7,65,1,40,54,3,1
1,98,14,40,1,9,91,1,0
1,81,30,43,1,9,26,0,0
1,78,60,48,1,6,82,3,0
1,56,60,76,1,47,23,2,0
1,53,30,17,1,49,442,4,0
1,70,30,96,0,37,166,1,0
0,0,60,87,0,26,232,0,1
1,74,7,64,0,32,141,2,0
1,83,30,36,0,0,347,4,0
1,99,90,62,1,43,413,2,0
1,84,60,48,0,33,385,4,1
0,0,30,74,0,3,385,3,1
1,42,90,26,1,16,56,2,1
0,0,60,39,0,3,116,2,1
0,0,30,62,1,42,117,2,1
1,79,60,22,1,25,274,3,0
1,65,60,30,1,3,214,0,0
0,0,30,28,0,0,88,4,1
0,0,30,62,0,6,164,2,1
0,0,30,28,0,29,280,3,1
0,0,60,66,1,49,485,0,1
1,54,30,34,1,8,494,4,0
1,95,90,95,1,34,256,3,0
1,88,60,40,1,7,28,4,0
0,0,7,90,0,23,355,2,1
0,0,60,64,1,18,445,0,1
1,61,30,32,0,35,35,3,1
1,64,60,41,0,49,226,0,1
1,52,60,71,1,42,163,2,0
1,57,14,83,0,26,163,0,0
0,0,30,19,1,31,183,0,1
0,0,14,81,1,13,101,1,1
0,0,7,63,1,17,442,0,1
1,81,30,61,0,27,347,4,0
1,83,30,29,1,28,489,3,0
0,0,180,41,0,15,190,1,1
0,0,30,23,0,34,140,3,1
1,74,30,59,1,46,459,3,0
0,0,60,37,0,30,490,2,1
1,73,7,62,0,3,307,2,0
1,69,180,33,1,36,284,1,1
1,98,60,88,1,16,282,2,0
1,94,60,31,0,38,426,2,1
1,52,14,39,1,47,85,2,0
1,52,30,72,0,45,186,3,0
0,0,30,13,1,25,193,1,1
1,71,90,86,1,47,328,3,1
1,71,7,68,1,38,140,4,0
0,0,30,96,1,40,372,3,1
1,98,180,17,0,3,58,4,1
1,78,30,91,1,29,64,0,0
0,0,30,21,0,29,163,0,1
1,91,14,40,0,21,364,4,0
1,68,180,87,0,10,209,4,0
1,88,7,43,0,1,317,3,0
1,68,60,91,1,43,365,4,0
0,0,60,84,1,11,382,1,1
0,0,14,85,0,29,127,0,1
0,0,60,58,1,35,272,0,1
0,0,7,88,0,17,55,4,1
0,0,30,66,1,25,311,2,1
1,83,60,35,0,6,365,2,0
0,0,90,27,0,0,409,4,1
1,96,60,95,0,25,417,1,0
0,0,30,47,0,22,198,2,1
0,0,14,90,0,25,319,4,1
1,64,7,96,0,44,327,1,0
1,78,14,97,0,5,138,1,0
1,59,14,59,1,5,58,3,0
1,44,30,17,1,43,34,1,1
0,0,30,50,1,7,275,2,1
0,0,30,15,0,23,127,2,1
1,88,14,78,1,21,473,4,0
1,42,30,53,0,18,153,4,0
1,84,90,73,0,36,451,1,1
1,53,30,38,0,17,209,0,1
1,95,90,37,0,30,166,3,1
1,69,90,20,1,36,496,0,1
0,0,14,74,0,29,357,1,1
1,43,60,28,0,41,143,1,1
1,57,60,18,1,32,409,0,0
0,0,60,36,1,9,157,3,1
1,64,30,43,0,36,345,0,1
0,0,30,53,0,11,80,4,1
0,0,30,77,1,29,242,2,1
1,92,30,91,0,26,343,4,0
1,85,60,24,0,38,308,2,0
1,54,60,60,1,8,163,1,0
1,48,30,22,0,20,99,3,1
1,54,60,92,0,11,343,0,1
0,0,14,58,0,28,208,3,1
1,96,14,79,0,32,170,0,0
1,63,90,65,1,42,35,4,1
1,43,30,85,1,14,130,4,0
0,0,7,60,1,1,310,0,1
1,98,14,46,1,38,221,3,0
1,97,14,26,1,43,72,0,0
1,76,180,67,0,17,460,1,1
0,0,60,96,0,2,445,4,1
1,82,90,99,0,6,77,1,0
0,0,60,38,0,42,262,4,1
0,0,30,42,0,17,419,4,1
1,78,30,69,1,43,468,2,0
0,0,60,98,1,37,11,1,1
1,85,14,64,0,36,407,1,0
0,0,90,19,0,32,117,2,1
0,0,90,56,1,43,295,3,1
1,52,30,32,0,30,58,1,1
1,73,180,94,1,10,149,0,0
0,0,90,30,0,3,227,2,1
1,46,60,22,0,17,53,1,1
1,91,14,42,0,3,426,3,0
1,43,30,33,0,48,278,1,1
1,98,30,20,0,33,87,4,0
0,0,14,26,0,28,225,0,1
1,59,7,77,0,23,391,2,0
1,68,60,56,0,21,107,4,0
1,93,14,34,0,1,245,3,0
0,0,60,82,1,43,291,4,1
1,90,90,30,1,5,158,4,0
0,0,90,93,0,41,421,3,1
1,85,30,92,1,24,313,4,0
0,0,90,92,1,20,493,2,1
1,82,7,21,0,15,433,1,0
1,73,7,46,0,30,75,4,1
1,96,60,51,0,13,243,2,0
0,0,30,26,1,38,466,1,1
0,0,30,57,1,27,96,1,1
1,88,60,37,1,31,88,4,0
0,0,14,50,1,27,214,2,1
0,0,14,56,1,48,288,4,1
1,95,30,27,1,8,346,3,0
1,45,60,87,0,44,263,1,0
1,44,60,80,0,21,313,4,0
1,44,30,22,1,31,389,1,0
0,0,30,91,1,4,139,2,0
0,0,14,22,0,22,93,0,1
0,0,7,40,1,4,285,4,1
1,88,60,11,0,41,196,4,0
1,48,30,25,1,31,55,1,1
0,0,14,18,1,9,396,2,1
0,0,60,82,1,38,192,3,1
0,0,60,47,1,14,277,2,1
0,0,60,84,0,6,305,4,1
0,0,14,63,0,28,331,3,1
1,81,14,65,0,46,109,2,0
1,74,14,95,1,2,87,0,0
0,0,14,96,0,18,281,1,1
0,0,60,54,0,9,348,2,1
1,56,90,43,0,27,171,2,1
1,63,60,18,1,28,53,0,1
0,0,60,97,1,14,247,4,1
1,71,30,17,0,34,143,1,1
1,74,60,16,0,5,470,2,0
1,77,30,45,1,11,201,3,0
0,0,30,27,1,46,365,2,1
0,0,30,12,1,37,287,1,1
1,86,14,37,0,12,27,2,0
0,0,30,79,1,28,21,0,1
1,48,180,53,0,18,189,2,1
1,43,14,30,0,2,132,2,1
0,0,14,37,0,7,255,3,1
0,0,30,63,0,7,231,0,1
0,0,60,63,1,19,382,0,1
0,0,60,74,0,46,60,2,1
1,80,60,30,1,3,497,3,0
1,95,14,22,0,20,80,2,0
1,42,60,66,0,2,489,2,0
1,98,30,58,1,44,57,1,0
1,67,90,63,0,7,28,1,0
0,0,60,19,0,22,271,3,1
1,48,14,62,1,15,93,4,0
0,0,7,53,0,12,164,1,1
0,0,7,56,0,2,62,4,1
0,0,30,62,0,47,116,0,1
1,51,30,83,1,8,366,1,0
1,81,60,55,1,13,313,1,0
1,48,30,22,1,12,144,3,0
1,54,30,46,0,6,452,4,0
0,0,14,33,1,14,78,1,1
1,64,14,11,0,6,20,1,0
1,44,90,95,1,37,152,3,1
0,0,14,90,0,33,201,3,1
1,98,60,23,1,40,396,4,0
0,0,90,19,1,21,387,0,1
0,0,60,44,1,23,78,0,1
0,0,90,34,1,48,32,2,1
1,54,30,12,0,36,190,1,1
1,77,180,26,0,43,302,4,1
0,0,14,21,0,0,18,1,1
1,98,14,63,0,9,280,4,0
0,0,60,33,0,42,396,4,1
0,0,90,38,0,15,102,4,1
0,0,90,52,0,45,463,1,1
1,57,7,34,0,7,26,3,0
1,45,30,69,1,48,163,1,0
0,0,90,99,0,24,414,4,1
1,99,30,74,1,49,337,2,0
1,87,60,93,0,11,158,0,0
1,52,90,37,0,24,386,4,1
0,0,30,25,1,16,276,2,1
0,0,30,56,1,25,431,3,1
1,52,30,90,0,45,337,4,0
1,56,14,67,0,47,115,2,0
0,0,90,85,1,13,481,4,1
0,0,30,36,0,40,390,1,1
1,84,90,62,0,35,44,2,1
1,71,14,51,0,22,128,1,1
0,0,180,68,0,42,23,1,1
0,0,30,56,0,5,23,2,1
0,0,7,43,1,46,275,0,1
0,0,7,46,0,4,149,2,1
1,95,60,15,0,42,303,0,0
1,79,60,16,1,24,373,4,1
0,0,90,34,1,17,128,4,1
0,0,14,42,1,12,247,2,1
0,0,7,64,0,42,43,4,1
0,0,30,67,0,13,178,3,1
1,84,30,16,0,27,19,1,0
1,72,30,66,0,17,131,1,0
0,0,180,21,0,27,410,0,1
0,0,180,25,1,26,154,4,1
0,0,90,89,1,31,460,0,1
0,0,60,52,1,46,455,1,1
0,0,30,86,1,8,232,1,1
1,67,30,16,0,39,380,4,1
1,72,30,60,0,31,266,3,0
1,98,90,82,1,19,277,3,0
1,98,7,41,0,27,368,4,1
1,87,30,84,0,32,13,4,0
1,80,7,17,1,3,435,0,0
1,52,30,96,1,45,406,4,0
1,82,90,98,1,33,363,3,0
1,84,60,81,1,47,115,4,0
1,64,14,54,0,2,94,0,0
1,92,180,95,1,25,223,0,0
0,0,60,68,1,7,130,0,0
1,75,7,13,0,5,141,0,0
1,66,30,76,0,15,347,2,0
1,77,30,38,1,23,206,4,1
0,0,7,38,1,47,28,1,1
1,46,180,37,1,38,139,4,1
0,0,30,86,1,29,21,2,1
1,82,90,88,1,44,90,0,0
1,84,30,96,0,12,339,2,0
1,97,14,53,1,4,363,3,0
1,96,30,99,1,24,271,3,0
0,0,14,13,0,19,401,4,1
0,0,30,99,1,17,134,4,1
0,0,90,18,1,46,316,1,1
1,81,30,14,1,17,276,1,0
1,49,60,65,0,1,456,3,0
0,0,14,93,1,9,450,0,0
1,82,7,59,0,44,392,2,0
1,92,14,84,0,49,149,1,0
1,69,60,24,1,46,338,1,1
1,78,7,41,0,11,11,0,1
0,0,30,37,1,46,17,0,1
0,0,60,31,1,12,259,4,1
0,0,30,26,0,49,148,2,1
1,41,14,68,0,46,133,0,1
1,53,30,99,0,10,318,1,0
1,52,90,80,1,18,237,1,1
1,68,60,66,1,34,19,3,0
1,51,30,35,0,38,478,0,1
0,0,7,34,1,25,221,4,1
0,0,180,19,1,45,121,2,1
1,71,60,54,1,13,17,4,0
0,0,30,92,1,44,301,1,1
0,0,90,20,0,43,486,4,1
1,66,30,86,1,23,371,1,0
0,0,30,62,0,40,469,1,1
1,80,60,81,1,0,262,1,0
1,56,14,77,0,42,23,1,1
1,79,180,37,1,21,249,1,1
0,0,60,84,1,22,447,3,1
1,73,60,74,1,18,251,4,0
1,99,14,58,1,17,478,3,0
1,63,7,56,0,11,351,3,0
1,84,30,61,0,27,158,0,0
0,0,60,97,0,27,245,0,1
0,0,30,63,1,32,315,0,1
1,45,30,69,1,18,487,2,0
1,58,60,66,1,27,176,0,0
1,69,14,56,0,48,29,4,0
1,46,60,40,0,36,225,3,1
1,49,7,55,0,25,352,4,0
1,80,180,35,1,34,144,0,1
1,71,30,14,0,33,402,2,1
0,0,14,93,1,34,138,2,1
0,0,30,61,0,39,419,3,1
1,99,30,84,0,15,431,4,0
1,54,60,63,0,37,303,1,0
0,0,60,42,0,12,255,4,1
1,76,60,59,1,22,198,0,0
0,0,14,47,0,21,53,1,1
0,0,14,36,1,15,95,2,1
1,43,7,24,0,27,53,3,0
1,59,60,70,1,47,339,3,0
0,0,90,30,0,34,384,2,1
1,75,30,55,0,44,455,0,0
1,89,14,78,0,45,387,2,0
0,0,60,15,0,7,399,0,1
1,66,90,47,0,43,154,1,1
1,56,60,71,0,21,60,2,0
0,0,90,95,0,20,251,0,1
1,61,30,71,0,25,303,1,0
1,56,14,91,1,39,417,2,0
0,0,90,87,0,20,60,3,1
1,93,60,83,0,24,275,2,0
0,0,30,55,0,40,129,4,1
0,0,60,22,1,0,209,2,1
1,65,90,12,1,5,414,4,1
1,95,60,15,0,22,257,1,1
1,98,60,17,1,22,79,2,0
1,57,30,53,0,42,350,1,0
1,89,30,42,1,42,66,1,0
0,0,30,90,1,22,391,0,1
1,86,90,84,0,31,48,1,1
1,68,90,86,0,29,481,1,1
0,0,90,59,0,12,298,2,1
1,75,7,20,0,42,452,2,1
0,0,60,37,1,17,27,3,1
1,74,60,79,0,22,449,0,0
1,91,60,50,1,14,229,1,0
0,0,60,25,0,32,322,0,1
0,0,90,77,0,20,253,4,1
0,0,30,57,1,38,361,1,1
0,0,30,65,0,22,469,0,1
0,0,14,73,0,26,313,3,1
1,45,30,68,1,44,307,3,0
1,86,60,99,0,43,292,1,0
0,0,60,71,1,17,83,4,1
0,0,14,85,1,23,119,3,1
0,0,14,20,0,46,189,3,1
1,50,60,98,0,39,435,4,0
1,97,7,27,0,41,41,0,1
0,0,14,28,0,6,243,3,1
1,65,7,96,0,49,291,2,0
0,0,14,64,0,47,34,3,1
0,0,14,91,1,19,340,0,1
1,73,30,35,1,26,288,0,1
0,0,30,15,1,5,235,1,1
0,0,90,13,1,26,66,2,1
1,56,30,38,0,8,189,0,0
0,0,60,68,1,44,241,4,1
1,52,14,26,1,30,391,2,0
0,0,14,52,1,20,352,2,1
1,78,60,89,0,25,486,4,0
0,0,7,75,0,39,296,3,1
1,94,30,43,0,47,73,4,1
1,68,60,17,0,44,464,4,1
0,0,60,22,0,12,241,3,1
1,50,7,17,0,48,298,3,1
1,91,30,74,1,22,222,3,0
0,0,60,52,0,19,267,3,1
0,0,14,48,0,36,27,3,1
1,86,60,90,0,27,184,4,0
0,0,60,68,0,16,426,1,1
1,59,180,93,0,27,238,1,1
1,61,14,97,0,40,235,0,0
1,50,90,95,0,1,93,1,0
0,0,30,95,1,24,300,1,1
0,0,30,53,0,49,444,4,1
0,0,14,18,1,40,379,3,1
0,0,60,46,0,5,255,3,1
1,95,14,83,0,10,411,4,0
1,67,30,45,1,37,119,1,1
1,68,7,37,0,5,263,4,1
1,60,90,51,1,44,97,0,1
1,86,60,52,0,10,81,3,0
0,0,60,94,1,13,390,2,1
1,76,30,97,0,1,39,0,0
1,98,14,51,1,39,181,0,0
1,59,60,75,0,2,318,4,0
0,0,30,64,1,34,403,1,1
0,0,14,81,0,32,352,3,1
1,96,60,57,0,23,445,2,0
1,44,180,31,0,18,186,0,1
0,0,60,36,0,17,148,2,1
1,98,60,76,0,48,203,1,0
0,0,180,22,1,23,195,1,1
0,0,14,54,1,44,227,2,1
1,99,60,19,1,34,173,3,0
1,77,180,18,0,0,170,1,1
0,0,14,63,0,35,440,2,1
1,73,60,36,1,24,22,0,1
1,74,60,43,0,44,305,2,1
0,0,60,10,0,48,98,2,1
0,0,60,41,0,42,333,4,1
0,0,90,98,1,33,51,1,1
0,0,60,80,1,24,412,3,1
1,57,7,76,0,15,219,3,0
1,54,90,93,0,33,238,4,1
0,0,14,29,1,28,359,3,1
1,55,30,44,0,18,284,2,1
1,66,30,99,0,22,451,4,0
0,0,30,87,0,18,288,0,1
1,99,30,26,0,24,260,1,1
1,85,90,27,1,15,319,1,1
1,64,60,54,1,8,217,1,0
1,56,60,93,0,0,330,2,0
1,68,7,62,1,41,149,0,0
1,92,90,91,1,18,289,4,0
1,47,90,77,1,32,43,4,0
0,0,60,74,1,33,318,1,1
0,0,7,10,1,15,401,0,1
1,85,7,67,1,43,27,0,0
0,0,14,35,1,39,66,0,1
1,91,14,29,1,17,121,3,0
1,46,30,96,0,33,14,3,0
0,0,90,19,0,24,419,1,1
1,68,30,68,0,44,423,0,0
0,0,7,84,1,5,191,0,0
1,92,30,50,1,20,22,4,0
0,0,7,14,0,5,348,4,1
1,99,7,74,0,31,294,1,0
0,0,30,26,0,40,268,0,1
1,42,30,31,1,47,99,1,1
0,0,60,50,0,42,113,4,1
1,85,180,77,1,38,388,4,0
1,54,30,78,1,30,195,3,0
0,0,30,20,0,41,259,1,1
1,69,90,65,0,9,264,1,0
0,0,30,60,1,29,85,0,1
0,0,14,30,1,17,395,0,1
1,56,90,85,0,23,468,3,1
0,0,7,35,1,8,117,2,1
1,59,60,28,1,30,165,2,1
0,0,60,69,1,14,91,2,0
1,48,30,80,0,3,86,1,0
1,77,30,56,1,39,494,1,0
0,0,60,80,0,8,479,4,1
0,0,7,35,0,44,469,1,1
1,99,14,49,0,8,267,1,0
0,0,60,14,0,25,136,1,1
1,93,30,30,1,3,494,3,0
1,92,14,87,1,16,400,1,0
1,92,90,13,1,15,291,0,1
1,41,30,32,1,14,483,0,0
1,63,90,93,0,34,97,4,1
1,47,60,24,1,4,213,3,0
0,0,60,17,1,4,25,0,1
0,0,30,50,1,19,160,3,1
0,0,180,28,0,14,433,3,1
1,47,14,55,1,17,263,4,0
1,60,60,37,1,46,197,3,0
0,0,14,77,1,1,338,1,0
0,0,30,24,0,28,41,3,1
1,57,30,46,0,12,280,4,1
0,0,90,10,1,3,494,4,1
0,0,180,76,1,41,406,4,1
0,0,14,33,1,44,14,0,1
0,0,7,36,1,9,468,1,1
0,0,60,49,0,30,339,0,1
1,50,30,72,0,40,317,2,1
0,0,7,70,1,7,342,1,0
0,0,60,45,0,2,178,3,1
1,72,30,33,1,47,190,4,0
1,99,180,33,0,45,375,2,1
1,77,14,13,0,8,187,1,0
0,0,30,76,1,29,152,0,1
0,0,30,43,0,10,371,4,1
1,50,60,66,1,34,257,0,0
1,61,30,58,1,36,136,1,0
1,90,60,96,1,41,272,1,0
0,0,14,62,1,12,49,2,1
0,0,90,32,0,35,421,3,1
0,0,30,78,0,12,425,0,1
1,51,14,62,0,11,364,2,0
1,96,60,71,0,36,264,4,0
1,85,14,50,0,9,152,3,0
1,71,7,66,1,8,249,2,0
0,0,90,69,1,6,237,0,1
0,0,30,63,1,1,350,1,0
0,0,60,79,0,22,207,4,1
0,0,30,66,0,38,74,0,1
1,67,60,19,1,39,397,3,0
0,0,14,49,0,38,20,3,1
0,0,30,16,0,20,117,1,1
0,0,180,47,0,22,35,1,1
1,79,60,94,1,28,454,4,0
1,71,30,70,1,13,430,4,0
1,89,30,93,1,25,160,1,0
0,0,90,12,1,4,230,1,1
0,0,30,60,1,30,350,3,1
1,41,60,95,0,24,246,1,0
0,0,60,56,1,30,246,2,1
0,0,7,77,0,49,228,0,1
1,80,14,85,0,19,496,1,0
1,52,60,47,0,43,433,4,1
0,0,14,45,1,16,470,2,1
1,72,30,50,0,44,160,4,0
0,0,90,78,0,1,132,2,1
1,91,60,22,1,24,153,1,0
0,0,60,96,1,12,487,0,1
1,61,60,67,0,38,198,4,0
1,78,60,59,1,27,264,2,0
0,0,7,39,1,41,77,3,1
1,77,30,71,1,5,113,1,0
1,78,30,34,1,2,345,0,0
1,65,30,36,0,34,168,1,1
0,0,60,60,1,17,318,3,1
0,0,30,87,0,10,371,0,1
0,0,30,66,0,19,418,3,1
1,54,30,56,0,4,309,1,0
1,73,7,48,0,18,405,2,1
1,81,30,25,0,21,99,1,0
1,94,14,31,1,18,366,1,0
1,83,14,94,0,46,265,1,0
1,88,7,63,0,15,362,4,0
1,79,30,30,0,23,229,3,0
0,0,60,81,0,40,18,3,1
1,42,30,25,1,3,21,3,0
1,98,30,68,1,14,334,4,0
0,0,60,40,0,24,447,2,1
1,48,14,51,1,43,253,1,0
0,0,90,83,0,34,191,2,1
0,0,30,41,1,13,293,4,1
0,0,30,68,1,48,321,3,1
1,70,60,43,1,18,108,1,0
0,0,14,18,1,37,206,0,1
1,80,60,90,0,35,491,0,0
1,89,30,20,1,6,375,2,0
1,51,90,19,0,29,235,3,1
0,0,14,95,0,18,342,0,1
1,47,30,26,1,48,112,2,1
1,89,60,77,0,24,115,4,0
0,0,7,57,0,15,374,2,1
1,59,30,61,0,46,377,2,1
1,86,60,34,1,39,67,2,0
1,98,90,30,0,7,87,1,1
1,46,30,74,0,17,84,2,1
1,50,60,72,1,27,51,2,0
1,59,180,98,1,15,431,1,0
0,0,90,60,0,18,333,1,1
1,43,14,45,1,41,190,4,0
1,45,60,90,0,16,42,3,0
0,0,30,97,1,44,80,0,1
1,61,180,75,0,12,65,0,1
0,0,30,24,0,6,114,2,1
1,42,14,48,1,26,209,4,1
1,80,60,79,1,9,110,2,0
1,99,30,10,0,33,265,0,0
1,81,180,32,0,35,316,1,1
1,53,180,48,0,24,83,3,1
1,50,60,66,1,5,180,4,0
1,57,14,90,1,23,386,1,0
1,93,60,43,1,17,152,3,0
1,51,7,50,0,22,175,4,0
1,62,7,82,1,5,408,4,0
1,51,90,22,1,28,270,0,1
1,52,14,79,0,24,230,1,0
0,0,30,15,0,16,92,4,1
1,84,180,93,1,45,191,4,0
0,0,30,61,1,23,316,3,1
0,0,30,12,0,10,19,0,1
1,58,90,90,0,25,405,2,1
0,0,14,72,1,33,13,0,1
0,0,60,58,0,27,360,2,1
1,75,180,85,0,2,411,1,1
1,84,90,56,1,10,345,1,0
0,0,60,64,1,37,497,4,1
0,0,30,73,0,13,301,1,1
1,94,30,74,0,25,290,4,0
1,92,90,90,1,47,224,0,0
1,94,90,76,0,20,469,1,0
1,71,30,99,0,38,107,0,0
0,0,14,24,1,29,429,0,1
1,83,14,41,0,7,110,1,0
1,57,7,77,0,19,460,0,1
0,0,60,27,1,47,18,1,1
1,57,30,92,1,31,70,1,0
1,58,90,52,1,21,318,1,1
0,0,60,44,0,6,155,2,1
0,0,14,87,0,8,436,0,1
1,71,60,67,1,44,428,3,0
1,95,30,42,0,0,72,1,0
1,80,60,23,0,28,130,0,1
1,98,60,43,0,7,235,4,0
1,42,90,70,1,3,114,1,0
1,67,90,13,1,34,471,1,1
1,49,30,97,1,2,269,3,0
1,90,7,68,0,44,358,2,0
1,74,60,38,1,39,434,2,0
1,68,14,92,0,6,264,1,0
1,93,30,15,1,26,438,0,0
1,54,7,58,1,0,443,4,0
1,72,60,49,0,26,216,4,1
0,0,14,92,0,15,37,0,1
1,51,60,74,1,37,179,1,0
0,0,180,78,1,6,345,4,1
0,0,7,36,0,43,85,2,1
1,60,7,89,1,22,125,0,0
1,70,30,15,1,40,78,3,0
1,97,90,22,0,10,363,1,1
1,63,14,73,1,41,243,0,0
0,0,30,71,1,32,10,4,1
1,76,7,28,1,49,176,1,0
1,43,60,85,1,35,361,2,0
1,67,30,89,1,36,227,1,0
1,83,60,52,1,40,282,1,0
0,0,90,83,1,16,377,2,1
1,99,14,98,1,34,260,2,0
1,63,90,29,0,47,356,1,1
0,0,7,77,1,4,353,2,1
0,0,90,53,1,47,428,0,1
1,90,60,32,0,31,183,2,0
1,71,90,11,0,2,179,2,1
1,80,7,31,1,46,255,1,0
1,75,14,66,0,34,432,0,0
1,97,30,81,1,13,99,3,0
1,92,30,16,1,47,58,3,0
1,73,14,87,0,30,455,4,0
1,75,30,65,0,30,303,2,0
0,0,14,76,1,16,416,2,1
1,54,30,25,1,23,159,0,1
1,73,90,92,0,22,141,3,1
1,75,30,60,1,17,442,4,0
0,0,7,91,0,49,68,0,1
1,78,30,89,1,13,466,2,0
1,81,7,81,0,49,333,3,0
0,0,180,21,0,14,208,4,1
0,0,14,62,0,14,224,1,1
0,0,60,84,0,5,395,3,1
1,93,180,14,0,26,58,4,1
1,51,90,36,1,14,481,0,1
0,0,60,21,1,49,241,1,1
0,0,90,26,1,35,256,4,1
1,57,180,15,0,7,391,4,1
1,79,60,14,0,14,488,2,1
1,60,60,66,1,2,248,3,0
0,0,60,37,1,46,424,2,1
1,72,30,87,1,12,376,1,0
1,74,60,78,0,40,177,4,0
1,65,30,68,1,33,57,2,0
1,47,14,42,0,23,60,3,1
1,75,14,71,0,39,308,1,0
1,87,7,59,1,31,107,0,0
0,0,30,28,1,31,448,2,1
1,62,7,95,1,29,225,1,0
1,81,60,78,1,48,186,0,0
1,83,30,75,1,12,389,2,0
1,53,90,56,1,0,483,1,0
1,53,7,48,0,33,89,1,1
1,41,14,77,1,14,194,2,0
1,94,60,42,1,43,376,1,0
1,76,60,22,0,13,470,4,1
1,44,7,93,0,28,408,2,0
0,0,90,63,1,33,36,1,1
1,84,90,16,0,17,461,0,1
0,0,30,88,1,6,473,0,0
1,93,30,96,0,28,457,4,0
0,0,180,23,0,30,487,2,1
0,0,60,96,0,24,423,1,1
1,53,30,28,1,37,429,1,0
1,95,90,63,0,13,204,0,1
1,78,30,29,1,7,223,4,0
1,64,30,38,1,26,378,0,1
0,0,30,33,1,1,351,0,1
0,0,60,91,1,16,123,4,1
0,0,60,72,1,36,251,2,1
1,45,60,83,0,13,133,1,0
0,0,30,66,0,24,314,2,1
0,0,14,17,1,29,85,3,1
1,64,30,99,1,28,320,3,0
1,96,60,71,1,19,478,3,0
0,0,30,38,1,20,321,4,1
1,41,7,83,1,21,205,0,0
0,0,90,26,0,34,360,2,1
1,76,7,75,1,36,53,1,0
0,0,180,15,1,15,424,3,1
1,40,7,67,1,49,195,2,0
1,79,60,78,0,48,352,3,0
1,51,7,37,0,42,255,3,1
0,0,90,71,0,16,446,1,1
0,0,30,50,0,15,93,4,1
1,84,14,78,1,1,216,0,0
1,62,30,91,1,3,160,4,0
0,0,14,99,0,20,165,2,1
1,70,14,93,1,38,25,4,0
0,0,90,50,0,33,174,2,1
1,49,30,58,1,29,414,2,0
1,42,60,58,1,5,472,0,0
1,93,60,85,0,16,154,1,0
1,53,60,80,0,38,46,0,0
0,0,14,12,0,24,342,4,1
1,49,14,19,1,4,412,2,0
1,68,60,98,0,4,423,3,0
0,0,180,44,1,19,54,3,1
1,51,30,89,1,15,411,2,0
1,69,30,11,1,40,215,0,1
0,0,30,33,1,36,71,1,1
0,0,180,83,1,39,429,0,1
1,44,30,47,1,8,365,2,0
0,0,30,31,1,4,477,2,1
0,0,90,35,1,41,317,1,1
1,82,7,52,1,1,28,4,0
1,51,7,64,1,8,374,4,0
0,0,60,48,1,42,309,1,1
0,0,90,38,0,35,16,4,1
1,93,14,29,1,21,258,3,0
0,0,30,50,1,21,437,4,1
0,0,30,63,1,21,126,4,1
1,96,30,29,0,33,77,4,1
1,82,60,28,0,28,43,3,1
1,76,30,93,0,37,203,4,0
0,0,30,75,0,45,334,3,1
1,76,30,39,1,32,64,1,1
1,51,60,62,0,17,275,0,0
0,0,30,43,0,6,489,1,1
0,0,90,31,1,0,51,0,1
1,88,7,76,1,32,306,1,0
0,0,90,15,1,0,470,0,1
1,83,90,88,0,23,240,0,1
0,0,30,36,0,3,462,2,1
1,67,30,19,0,3,387,0,0
1,86,30,82,1,17,403,0,0
0,0,14,57,1,26,19,2,1
1,45,30,79,1,42,367,4,0
1,83,7,68,1,31,484,4,0
0,0,30,68,0,32,453,2,1
0,0,90,11,0,27,137,3,1
0,0,30,38,1,41,188,0,1
0,0,90,77,0,40,414,0,1
1,41,30,74,1,35,401,2,0
1,48,90,92,0,5,202,2,1
1,76,60,35,1,15,101,3,1
1,59,7,98,1,33,378,4,0
0,0,60,19,1,22,240,1,1
1,68,7,62,1,49,87,4,0
1,40,30,88,1,41,94,0,0
1,94,90,68,0,23,39,2,1
0,0,14,31,0,48,222,3,1
1,45,30,60,0,12,58,4,0
1,76,60,57,1,17,274,3,0
1,92,90,30,0,12,154,4,1
0,0,60,31,1,48,78,0,1
1,44,30,39,1,36,67,1,0
0,0,60,34,0,42,194,3,1
0,0,30,37,0,38,71,3,1
1,90,60,74,1,41,488,1,0
0,0,180,54,1,16,317,3,1
0,0,60,77,0,14,454,3,1
0,0,90,16,1,17,305,4,1
1,59,7,58,1,22,175,4,0
1,92,60,18,0,29,180,1,1
0,0,90,45,1,33,72,0,1
1,63,7,92,1,3,156,3,0
0,0,90,10,1,2,493,0,1
0,0,30,19,0,6,315,1,1
0,0,60,45,0,17,170,1,1
1,64,90,82,0,41,150,4,1
1,89,60,55,0,6,343,3,0
0,0,7,41,0,39,106,2,1
0,0,60,41,1,5,455,1,1
1,78,30,15,1,21,230,3,0
0,0,90,57,0,0,52,0,1
0,0,30,47,0,3,442,4,1
1,86,30,26,0,45,301,0,1
1,82,60,83,0,48,387,1,0
1,89,30,36,1,49,117,1,0
1,62,60,63,1,42,275,0,0
1,83,60,59,1,28,104,1,0
0,0,90,44,1,20,271,3,1
1,59,60,94,1,25,322,1,0
1,62,30,34,0,13,394,4,1
1,84,14,37,0,8,80,3,0
1,91,14,24,1,46,451,2,0
0,0,14,13,1,11,228,1,1
1,89,14,82,1,41,30,1,0
1,81,60,36,1,5,101,4,0
0,0,60,35,0,19,136,4,1
1,94,30,28,0,23,89,0,1
1,47,90,26,0,26,321,0,1
1,89,180,52,0,37,247,0,1
1,60,90,50,0,7,480,4,0
1,40,60,51,1,0,381,0,0
1,94,30,59,1,48,413,0,0
1,47,30,93,1,48,495,2,0
0,0,7,49,0,23,191,0,1
1,71,30,48,1,46,34,1,0
1,77,90,32,1,6,165,4,1
0,0,90,61,0,18,14,3,1
1,86,14,56,0,21,129,2,0
0,0,30,72,0,34,286,4,1
1,86,90,78,1,29,27,4,1
0,0,7,52,1,28,440,1,1
1,40,30,57,1,21,207,0,0
1,94,90,43,1,10,66,1,0
1,94,30,49,1,19,102,0,0
0,0,7,84,1,28,28,0,1
1,82,30,70,0,40,393,4,0
1,49,90,59,1,41,362,0,1
1,69,60,76,0,33,202,2,0
0,0,14,71,0,0,246,2,1
1,57,30,67,1,30,396,2,0
0,0,30,42,0,29,435,4,1
1,65,60,84,1,47,286,1,0
1,47,60,25,1,17,236,3,1
1,86,7,91,0,16,242,0,0
1,79,90,57,1,37,49,3,1
1,88,7,19,0,13,332,1,0
1,51,30,91,1,22,162,1,0
0,0,7,47,0,24,136,4,1
1,47,30,28,1,14,246,2,1
1,64,30,45,1,45,495,2,0
1,85,30,68,1,21,64,1,0
1,43,14,72,0,2,477,4,0
1,72,60,86,0,18,445,4,0
1,40,7,55,0,43,181,0,0
1,58,60,12,1,33,118,2,0
0,0,90,83,0,34,363,1,1
0,0,30,74,0,49,478,3,1
1,53,30,17,0,0,193,2,0
1,92,30,60,1,20,448,0,0
0,0,7,90,0,28,377,4,1
1,44,30,82,0,5,480,1,0
1,80,60,15,1,36,207,2,0
1,65,60,98,0,0,380,3,0
0,0,14,48,0,0,382,0,1
0,0,90,69,1,26,470,0,1
1,89,30,37,1,20,96,2,0
1,45,90,63,1,15,210,3,1
1,48,60,46,0,43,346,0,1
0,0,60,18,0,39,331,1,1
1,80,14,91,1,25,284,0,0
1,64,14,65,0,15,220,3,0
0,0,180,68,0,27,400,4,1
1,52,14,94,1,0,127,4,0
0,0,180,11,0,35,200,2,1
1,92,30,70,0,9,51,3,0
1,52,14,67,0,42,51,0,0
1,70,7,69,0,16,324,0,0
0,0,14,49,0,22,285,4,1
0,0,90,45,0,6,338,4,1
0,0,30,46,1,43,26,1,1
1,73,30,88,0,6,292,4,0
0,0,30,27,0,43,440,1,1
1,85,14,72,0,14,267,0,0
1,43,30,31,1,33,72,1,1
0,0,14,20,0,45,71,1,1
1,58,90,67,1,44,109,2,0
1,45,30,66,0,3,28,4,0
1,73,30,86,1,13,26,1,0
1,57,30,13,1,13,334,0,0
1,52,30,95,1,15,432,3,0
1,80,180,16,1,6,475,1,1
1,62,30,70,0,31,382,4,0
0,0,7,63,0,18,255,2,1
0,0,60,97,0,1,260,0,1
1,50,14,77,1,9,464,2,0
1,40,7,88,1,49,90,3,0
1,63,180,10,0,16,48,1,1
1,93,60,64,0,36,45,1,0
1,46,180,12,1,11,433,4,1
0,0,30,87,1,5,438,1,0
1,60,30,47,1,21,397,0,1
1,54,14,10,0,31,495,3,0
1,40,14,47,0,40,418,2,1
1,51,90,94,1,19,206,3,1
0,0,30,38,1,0,167,1,1
0,0,90,14,0,46,213,2,1
1,54,60,83,1,5,205,4,0
0,0,14,30,1,18,225,3,1
1,58,30,80,0,17,294,2,0
0,0,60,76,1,5,466,2,1
0,0,14,56,1,44,205,2,1
1,64,90,93,0,32,316,0,1
1,72,30,92,0,22,161,3,0
1,88,14,44,0,22,23,2,1
1,71,60,77,0,25,334,3,0
0,0,180,78,0,12,155,2,1
1,74,14,10,0,6,435,4,0
1,83,90,77,1,14,66,4,0
0,0,14,21,0,43,220,4,1
0,0,60,69,0,26,277,1,1
1,50,60,36,1,25,219,2,1
1,74,30,65,1,32,26,1,0
1,47,30,32,1,14,295,3,1
1,85,60,34,1,35,353,1,0
0,0,30,30,1,44,212,3,1
1,49,60,70,0,26,108,3,0
1,41,14,72,0,4,288,3,0
1,85,90,61,1,1,218,1,0
1,48,60,97,1,32,138,2,0
0,0,90,34,1,15,344,1,1
0,0,14,64,0,22,297,2,1
1,65,60,55,1,37,261,2,0
1,47,60,41,1,15,274,3,1
1,87,30,64,1,13,280,1,0
0,0,30,14,1,28,421,2,1
0,0,7,45,1,25,417,4,1
1,67,60,58,0,34,197,2,0
0,0,30,67,0,14,428,4,1
0,0,7,48,0,2,223,1,1
1,65,60,89,1,22,292,1,0
0,0,30,94,0,28,220,1,1
1,51,7,70,0,33,374,2,0
1,44,180,18,1,32,85,0,1
1,73,90,15,0,40,157,2,1
1,87,30,44,1,40,330,2,0
1,76,7,48,0,22,222,3,1
0,0,60,31,1,6,442,3,1
1,83,30,50,0,2,118,2,0
0,0,30,14,1,31,138,4,1
1,54,30,51,0,30,19,3,0
1,82,30,96,0,17,56,2,0
1,87,60,90,0,42,388,0,0
1,62,30,85,1,6,324,4,0
0,0,60,96,1,40,105,1,1
1,85,90,89,0,0,455,2,0
1,89,30,76,1,13,112,2,0
1,83,60,39,1,31,389,4,0
0,0,90,66,0,5,351,3,1
0,0,30,95,0,38,155,3,1
0,0,30,82,1,9,377,3,0
1,60,60,38,1,6,439,1,0
1,62,60,46,1,25,425,4,0
1,82,90,96,0,33,36,4,1
1,94,30,22,0,29,229,3,0
1,55,180,41,0,35,27,3,1
1,86,7,55,0,20,176,0,0
1,92,7,32,1,16,442,0,0
1,99,60,54,1,32,486,2,0
0,0,30,26,1,9,91,2,1
1,64,14,94,1,46,437,4,0
1,75,30,75,0,41,81,4,1
0,0,30,15,0,11,319,1,1
1,90,7,27,1,15,488,1,0
0,0,180,31,1,40,263,0,1
1,43,14,42,0,31,171,2,1
1,60,60,39,0,14,336,0,1
0,0,60,90,1,26,429,0,1
0,0,90,41,0,27,411,2,1
0,0,7,51,0,16,47,1,1
1,73,90,87,1,45,452,2,0
1,53,30,19,0,49,402,3,1
1,43,60,45,1,1,210,3,0
1,87,60,43,0,35,209,3,1
0,0,90,82,0,49,264,4,1
1,91,30,37,0,6,188,1,0
0,0,60,20,0,12,44,1,1
1,66,30,87,1,14,91,4,0
